Unique Semantic Name,Slug,Collection ID,Locale ID,Item ID,Archived,Draft,Created On,Updated On,Published On,Linked Platform,Linked Feature,Status,Context,Airtable Record ID,Sort (String)
[Audius Music] Decentralized,recMyDQa14zdTOP9X,67ffc3231d938da45ddcde24,67fec1eb88ef3de9adf44551,68014b4f9e536f4559876706,false,false,Thu Apr 17 2025 18:41:19 GMT+0000 (Coordinated Universal Time),Fri Apr 25 2025 16:32:29 GMT+0000 (Coordinated Universal Time),Fri Apr 25 2025 16:32:29 GMT+0000 (Coordinated Universal Time),audiusmusic,recLYyQOJiPcoEmkQ,Yes,,recEZRjvwgt3RlzLG,014
[Audius Music] Rewards System,recNRujDloEtACFow,67ffc3231d938da45ddcde24,67fec1eb88ef3de9adf44551,68014b410e489b1b31ceaaac,false,false,Thu Apr 17 2025 18:41:05 GMT+0000 (Coordinated Universal Time),Fri Apr 25 2025 16:32:35 GMT+0000 (Coordinated Universal Time),Fri Apr 25 2025 16:32:35 GMT+0000 (Coordinated Universal Time),audiusmusic,recCzkCr6SvsPfREd,Yes,,recv1TXl1WC8zEIXK,011
[Spotify] Scheduled Releases,rectk0WwfZNlcCnH5,67ffc3231d938da45ddcde24,67fec1eb88ef3de9adf44551,68081254339fa23ef550576a,false,false,Tue Apr 22 2025 22:04:04 GMT+0000 (Coordinated Universal Time),Fri Apr 25 2025 16:32:37 GMT+0000 (Coordinated Universal Time),Fri Apr 25 2025 16:32:37 GMT+0000 (Coordinated Universal Time),spotify,recc0t3WyRiUojoNW,Partial,Release schedule is controlled by distributor,rectk0WwfZNlcCnH5,007
[Spotify] Streaming Quality,recLCrVh3LGLA5lKu,67ffc3231d938da45ddcde24,67fec1eb88ef3de9adf44551,68014b116302ed7ae7a57933,false,false,Thu Apr 17 2025 18:40:17 GMT+0000 (Coordinated Universal Time),Fri Apr 25 2025 16:32:37 GMT+0000 (Coordinated Universal Time),Fri Apr 25 2025 16:32:37 GMT+0000 (Coordinated Universal Time),spotify,rec92kLuzA4g8z2wT,,160 kbps,recWof095zOkfIAcf,001
[Soundcloud] Ad-Free Listening,recwwUac1aVdWUS70,67ffc3231d938da45ddcde24,67fec1eb88ef3de9adf44551,68014b2cb9c90bbe8a86d417,false,false,Thu Apr 17 2025 18:40:44 GMT+0000 (Coordinated Universal Time),Fri Apr 25 2025 16:32:41 GMT+0000 (Coordinated Universal Time),Fri Apr 25 2025 16:32:41 GMT+0000 (Coordinated Universal Time),soundcloud,recH1SaEa6vxhiI1i,Partial,Premium Subscription Required,recj0J1JvtifwrAjx,004
[Soundcloud] Ad-Free Interface,recI6sxXuimsbfMKU,67ffc3231d938da45ddcde24,67fec1eb88ef3de9adf44551,68014b34d1392f061a35c3f9,false,false,Thu Apr 17 2025 18:40:52 GMT+0000 (Coordinated Universal Time),Fri Apr 25 2025 16:32:44 GMT+0000 (Coordinated Universal Time),Fri Apr 25 2025 16:32:44 GMT+0000 (Coordinated Universal Time),soundcloud,recSJfccCZx507pog,Partial,Premium Subscription Required,rec4kQtsl6i5yqUWS,003
[Spotify] Comments,receBiPJCCotmcoja,67ffc3231d938da45ddcde24,67fec1eb88ef3de9adf44551,68014b20658ed7179e469433,false,false,Thu Apr 17 2025 18:40:32 GMT+0000 (Coordinated Universal Time),Fri Apr 25 2025 16:32:48 GMT+0000 (Coordinated Universal Time),Fri Apr 25 2025 16:32:48 GMT+0000 (Coordinated Universal Time),spotify,recTza6bYF0gEoXVA,No,,rec2R11QvYxaQmM3W,005
[Soundcloud] Remix Features,recKKU7p83pmcG6jl,67ffc3231d938da45ddcde24,67fec1eb88ef3de9adf44551,68014b3c7d6f93ed1fdfd5bc,false,false,Thu Apr 17 2025 18:41:00 GMT+0000 (Coordinated Universal Time),Fri Apr 25 2025 16:32:49 GMT+0000 (Coordinated Universal Time),Fri Apr 25 2025 16:32:49 GMT+0000 (Coordinated Universal Time),soundcloud,rec2a3kNcDEF6XqN7,No,No 1st party remix support,reclqaq1ucmWK63DG,009
[Spotify] Direct UGC Upload,recfgF9sRIzwy3eoG,67ffc3231d938da45ddcde24,67fec1eb88ef3de9adf44551,68014b5ebec9debcb57e3814,false,false,Thu Apr 17 2025 18:41:34 GMT+0000 (Coordinated Universal Time),Fri Apr 25 2025 16:32:52 GMT+0000 (Coordinated Universal Time),Fri Apr 25 2025 16:32:52 GMT+0000 (Coordinated Universal Time),spotify,rech5QRYRwpcWrNc6,No,,recG0JCeSVKZA1sr9,012
[Soundcloud] Developer SDK,recxZ2KM29E5vp9qW,67ffc3231d938da45ddcde24,67fec1eb88ef3de9adf44551,68014b6338bfc14df26dac5a,false,false,Thu Apr 17 2025 18:41:39 GMT+0000 (Coordinated Universal Time),Fri Apr 25 2025 16:32:54 GMT+0000 (Coordinated Universal Time),Fri Apr 25 2025 16:32:54 GMT+0000 (Coordinated Universal Time),soundcloud,recBbrqR317WzI3on,Partial,No longer accepting new API applications,recLwsVW3DSzHOEUe,015
[Spotify] Offline Mode,reckGlf5ZT6blrh9e,67ffc3231d938da45ddcde24,67fec1eb88ef3de9adf44551,68014b4d10678ecd0392806d,false,false,Thu Apr 17 2025 18:41:17 GMT+0000 (Coordinated Universal Time),Fri Apr 25 2025 16:32:57 GMT+0000 (Coordinated Universal Time),Fri Apr 25 2025 16:32:57 GMT+0000 (Coordinated Universal Time),spotify,recAQeCfXGS85DzfQ,Partial,Premium Subscription Required,recAZl8yBwWEbwl3H,008
[Spotify] Ad-Free Interface,recy4ux9wtbmewG9c,67ffc3231d938da45ddcde24,67fec1eb88ef3de9adf44551,68014b37eff90399da4ec983,false,false,Thu Apr 17 2025 18:40:55 GMT+0000 (Coordinated Universal Time),Fri Apr 25 2025 16:32:59 GMT+0000 (Coordinated Universal Time),Fri Apr 25 2025 16:32:59 GMT+0000 (Coordinated Universal Time),spotify,recSJfccCZx507pog,Partial,Premium Subscription Required,rec0p0KteCdPzFdV7,003
[Soundcloud] Decentralized,rec7x9TZoVzKCFwt8,67ffc3231d938da45ddcde24,67fec1eb88ef3de9adf44551,68014b522dedcb2174f6e988,false,false,Thu Apr 17 2025 18:41:22 GMT+0000 (Coordinated Universal Time),Fri Apr 25 2025 16:33:00 GMT+0000 (Coordinated Universal Time),Fri Apr 25 2025 16:33:00 GMT+0000 (Coordinated Universal Time),soundcloud,recLYyQOJiPcoEmkQ,No,,recVNpfC6yrYEcZuw,014
[Spotify] Direct Messages,rectLpdxJzXa0XIK7,67ffc3231d938da45ddcde24,67fec1eb88ef3de9adf44551,68014b2737954b375ba167b8,false,false,Thu Apr 17 2025 18:40:39 GMT+0000 (Coordinated Universal Time),Fri Apr 25 2025 16:33:01 GMT+0000 (Coordinated Universal Time),Fri Apr 25 2025 16:33:01 GMT+0000 (Coordinated Universal Time),spotify,recZ0h2evxkEYgYsl,No,,recCThbaiXq75uMRp,006
[Soundcloud] Direct UGC Upload,rechScGaLTLlOfDqf,67ffc3231d938da45ddcde24,67fec1eb88ef3de9adf44551,68014b5b0e489b1b31cec923,false,false,Thu Apr 17 2025 18:41:31 GMT+0000 (Coordinated Universal Time),Fri Apr 25 2025 16:33:04 GMT+0000 (Coordinated Universal Time),Fri Apr 25 2025 16:33:04 GMT+0000 (Coordinated Universal Time),soundcloud,rech5QRYRwpcWrNc6,Yes,,recqha7Fh9qNjCkph,012
[Soundcloud] Streaming Quality,recq2cGh83ML2yUNB,67ffc3231d938da45ddcde24,67fec1eb88ef3de9adf44551,68014b0e2c1ed2ff9fa82eea,false,false,Thu Apr 17 2025 18:40:14 GMT+0000 (Coordinated Universal Time),Fri Apr 25 2025 16:33:05 GMT+0000 (Coordinated Universal Time),Fri Apr 25 2025 16:33:05 GMT+0000 (Coordinated Universal Time),soundcloud,rec92kLuzA4g8z2wT,,128 kbps,recA8sPegZPSVC6p5,001
[Audius Music] Gated Content,recFH0317VV0q8bRw,67ffc3231d938da45ddcde24,67fec1eb88ef3de9adf44551,68014b67dd110a4737dcf34a,false,false,Thu Apr 17 2025 18:41:43 GMT+0000 (Coordinated Universal Time),Fri Apr 25 2025 16:33:07 GMT+0000 (Coordinated Universal Time),Fri Apr 25 2025 16:33:07 GMT+0000 (Coordinated Universal Time),audiusmusic,recnqk9KMsEVMemTK,Yes,,recdWWIi9fclaYOGn,010
[Soundcloud] Comments,recy3seknpGTmKdpj,67ffc3231d938da45ddcde24,67fec1eb88ef3de9adf44551,68014b1e65ebd87ceb7bcf29,false,false,Thu Apr 17 2025 18:40:30 GMT+0000 (Coordinated Universal Time),Fri Apr 25 2025 16:33:10 GMT+0000 (Coordinated Universal Time),Fri Apr 25 2025 16:33:10 GMT+0000 (Coordinated Universal Time),soundcloud,recTza6bYF0gEoXVA,Yes,,recbdaU6T32q99MuK,005
[Audius Music] Unlimited Uploads,rec9OUXDGclHCbitv,67ffc3231d938da45ddcde24,67fec1eb88ef3de9adf44551,68014b137d6f93ed1fdfa43c,false,false,Thu Apr 17 2025 18:40:19 GMT+0000 (Coordinated Universal Time),Fri Apr 25 2025 16:33:15 GMT+0000 (Coordinated Universal Time),Fri Apr 25 2025 16:33:15 GMT+0000 (Coordinated Universal Time),audiusmusic,recYDCnkuGT3yoKep,Yes,,recJ7CQaS6poBg1u9,002
[Spotify] Decentralized,recAXKnPfKx84nMWo,67ffc3231d938da45ddcde24,67fec1eb88ef3de9adf44551,68014b54dd110a4737dce4a9,false,false,Thu Apr 17 2025 18:41:24 GMT+0000 (Coordinated Universal Time),Fri Apr 25 2025 16:33:17 GMT+0000 (Coordinated Universal Time),Fri Apr 25 2025 16:33:17 GMT+0000 (Coordinated Universal Time),spotify,recLYyQOJiPcoEmkQ,No,,recDOXbdWkXAkSPD2,014
[Spotify] Developer SDK,rec3rO2fQtvMDs5Lh,67ffc3231d938da45ddcde24,67fec1eb88ef3de9adf44551,68014b655cd55e369a874c55,false,false,Thu Apr 17 2025 18:41:41 GMT+0000 (Coordinated Universal Time),Fri Apr 25 2025 16:33:19 GMT+0000 (Coordinated Universal Time),Fri Apr 25 2025 16:33:19 GMT+0000 (Coordinated Universal Time),spotify,recBbrqR317WzI3on,Yes,,recBfcV6UaDWtnYFu,015
[Spotify] Remix Features,recXvsqqvEUIU1pAH,67ffc3231d938da45ddcde24,67fec1eb88ef3de9adf44551,68014b3e4f70f76d0a3ee5f6,false,false,Thu Apr 17 2025 18:41:02 GMT+0000 (Coordinated Universal Time),Fri Apr 25 2025 16:33:26 GMT+0000 (Coordinated Universal Time),Fri Apr 25 2025 16:33:26 GMT+0000 (Coordinated Universal Time),spotify,rec2a3kNcDEF6XqN7,No,,receO8KENuVBYQa50,009
[Audius Music] Ad-Free Listening,rec6zX60bzOBp5m1Q,67ffc3231d938da45ddcde24,67fec1eb88ef3de9adf44551,68014b2a6a6fd9ee2f5e0268,false,false,Thu Apr 17 2025 18:40:42 GMT+0000 (Coordinated Universal Time),Fri Apr 25 2025 16:33:31 GMT+0000 (Coordinated Universal Time),Fri Apr 25 2025 16:33:31 GMT+0000 (Coordinated Universal Time),audiusmusic,recH1SaEa6vxhiI1i,Yes,,recfl6HFy6hT8cUVK,004
[Spotify] Unlimited Uploads,recTh6b4hWHpKlAys,67ffc3231d938da45ddcde24,67fec1eb88ef3de9adf44551,68014b192c1ed2ff9fa83aad,false,false,Thu Apr 17 2025 18:40:25 GMT+0000 (Coordinated Universal Time),Fri Apr 25 2025 16:33:33 GMT+0000 (Coordinated Universal Time),Fri Apr 25 2025 16:33:33 GMT+0000 (Coordinated Universal Time),spotify,recYDCnkuGT3yoKep,No,No UGC upload,recpDWOus5AiqVjau,002
[Spotify] Rewards System,recFddriZLCjrlQ87,67ffc3231d938da45ddcde24,67fec1eb88ef3de9adf44551,68014b456302ed7ae7a5a6f7,false,false,Thu Apr 17 2025 18:41:09 GMT+0000 (Coordinated Universal Time),Fri Apr 25 2025 16:33:35 GMT+0000 (Coordinated Universal Time),Fri Apr 25 2025 16:33:35 GMT+0000 (Coordinated Universal Time),spotify,recCzkCr6SvsPfREd,No,,rec5LQwKhgj7AG33X,011
[Audius Music] Scheduled Releases,recLyDEImXPIiAPeW,67ffc3231d938da45ddcde24,67fec1eb88ef3de9adf44551,6808124dd01578872e96f3e2,false,false,Tue Apr 22 2025 22:03:57 GMT+0000 (Coordinated Universal Time),Fri Apr 25 2025 16:33:38 GMT+0000 (Coordinated Universal Time),Fri Apr 25 2025 16:33:38 GMT+0000 (Coordinated Universal Time),audiusmusic,recc0t3WyRiUojoNW,Yes,,recLyDEImXPIiAPeW,007
[Audius Music] Offline Mode,recvqsPjetrSnFQIC,67ffc3231d938da45ddcde24,67fec1eb88ef3de9adf44551,68014b47a35b0efe930d4972,false,false,Thu Apr 17 2025 18:41:11 GMT+0000 (Coordinated Universal Time),Fri Apr 25 2025 16:33:41 GMT+0000 (Coordinated Universal Time),Fri Apr 25 2025 16:33:41 GMT+0000 (Coordinated Universal Time),audiusmusic,recAQeCfXGS85DzfQ,Yes,,rec8g0y9oWmfVRojm,008
[Audius Music] Direct Messages,recInKhchLmdtmPMD,67ffc3231d938da45ddcde24,67fec1eb88ef3de9adf44551,68014b2240e9a1d5904be4c9,false,false,Thu Apr 17 2025 18:40:34 GMT+0000 (Coordinated Universal Time),Fri Apr 25 2025 16:33:44 GMT+0000 (Coordinated Universal Time),Fri Apr 25 2025 16:33:44 GMT+0000 (Coordinated Universal Time),audiusmusic,recZ0h2evxkEYgYsl,Yes,,recqpwNvSgZv4Th8V,006
[Spotify] Gated Content,recBtlb404SPTeDo0,67ffc3231d938da45ddcde24,67fec1eb88ef3de9adf44551,68014b6d656e137a59dcaa01,false,false,Thu Apr 17 2025 18:41:49 GMT+0000 (Coordinated Universal Time),Fri Apr 25 2025 16:33:44 GMT+0000 (Coordinated Universal Time),Fri Apr 25 2025 16:33:44 GMT+0000 (Coordinated Universal Time),spotify,recnqk9KMsEVMemTK,No,,recTosfniDrTzMBbY,010
[Soundcloud] Rewards System,recrxjl1sWhKMnLlc,67ffc3231d938da45ddcde24,67fec1eb88ef3de9adf44551,68014b43658ed7179e46bc5e,false,false,Thu Apr 17 2025 18:41:07 GMT+0000 (Coordinated Universal Time),Fri Apr 25 2025 16:33:46 GMT+0000 (Coordinated Universal Time),Fri Apr 25 2025 16:33:46 GMT+0000 (Coordinated Universal Time),soundcloud,recCzkCr6SvsPfREd,No,,recQ15m3TSWdEZ3Jr,011
[Audius Music] Remix Features,recUKhtyGm5kQCnUY,67ffc3231d938da45ddcde24,67fec1eb88ef3de9adf44551,68014b3ae27fea942d62cc52,false,false,Thu Apr 17 2025 18:40:58 GMT+0000 (Coordinated Universal Time),Fri Apr 25 2025 16:33:47 GMT+0000 (Coordinated Universal Time),Fri Apr 25 2025 16:33:47 GMT+0000 (Coordinated Universal Time),audiusmusic,rec2a3kNcDEF6XqN7,Yes,,rechqKpDqpUSJKpYe,009
[Soundcloud] Gated Content,rec0E5PH66UHSmnt9,67ffc3231d938da45ddcde24,67fec1eb88ef3de9adf44551,68014b6a9d41c740472bbe61,false,false,Thu Apr 17 2025 18:41:46 GMT+0000 (Coordinated Universal Time),Fri Apr 25 2025 16:33:50 GMT+0000 (Coordinated Universal Time),Fri Apr 25 2025 16:33:50 GMT+0000 (Coordinated Universal Time),soundcloud,recnqk9KMsEVMemTK,Partial,Certain tracks (major-label) require Go+ subscription,reci3Dnk8aWlABhY4,010
[Soundcloud] Scheduled Releases,rectZQGivV42XgbgC,67ffc3231d938da45ddcde24,67fec1eb88ef3de9adf44551,68081252b5661c9b2aa17450,false,false,Tue Apr 22 2025 22:04:02 GMT+0000 (Coordinated Universal Time),Fri Apr 25 2025 16:33:52 GMT+0000 (Coordinated Universal Time),Fri Apr 25 2025 16:33:52 GMT+0000 (Coordinated Universal Time),soundcloud,recc0t3WyRiUojoNW,Partial,Premium Subscription Required,rectZQGivV42XgbgC,007
[Audius Music] Streaming Quality,recyttBMro8P4lOVw,67ffc3231d938da45ddcde24,67fec1eb88ef3de9adf44551,68014b0a5eeb61ce42006162,false,false,Thu Apr 17 2025 18:40:10 GMT+0000 (Coordinated Universal Time),Fri Apr 25 2025 16:33:53 GMT+0000 (Coordinated Universal Time),Fri Apr 25 2025 16:33:53 GMT+0000 (Coordinated Universal Time),audiusmusic,rec92kLuzA4g8z2wT,,320 kbps,recyttBMro8P4lOVw,001
[Audius Music] Comments,recAAjv74vkt4mjnX,67ffc3231d938da45ddcde24,67fec1eb88ef3de9adf44551,68014b1c3cec4c06326c4351,false,false,Thu Apr 17 2025 18:40:28 GMT+0000 (Coordinated Universal Time),Fri Apr 25 2025 16:33:58 GMT+0000 (Coordinated Universal Time),Fri Apr 25 2025 16:33:58 GMT+0000 (Coordinated Universal Time),audiusmusic,recTza6bYF0gEoXVA,Yes,,rec0Ry6SneAceSJhj,005
[Audius Music] Direct UGC Upload,recevX6M6txOygRuG,67ffc3231d938da45ddcde24,67fec1eb88ef3de9adf44551,68014b5841cd3c509714cb99,false,false,Thu Apr 17 2025 18:41:28 GMT+0000 (Coordinated Universal Time),Fri Apr 25 2025 16:33:59 GMT+0000 (Coordinated Universal Time),Fri Apr 25 2025 16:33:59 GMT+0000 (Coordinated Universal Time),audiusmusic,rech5QRYRwpcWrNc6,Yes,,rec2ePvavkiNU1BaN,012
[Soundcloud] Unlimited Uploads,reciwWYe8unL4uDD0,67ffc3231d938da45ddcde24,67fec1eb88ef3de9adf44551,68014b16bf77aa81bd12aa6c,false,false,Thu Apr 17 2025 18:40:22 GMT+0000 (Coordinated Universal Time),Fri Apr 25 2025 16:34:00 GMT+0000 (Coordinated Universal Time),Fri Apr 25 2025 16:34:00 GMT+0000 (Coordinated Universal Time),soundcloud,recYDCnkuGT3yoKep,Partial,Premium Subscription Required,rec9P1Nb0ijHbgaqc,002
[Soundcloud] Direct Messages,recm615nBbvupOT3y,67ffc3231d938da45ddcde24,67fec1eb88ef3de9adf44551,68014b257d6f93ed1fdfbb94,false,false,Thu Apr 17 2025 18:40:37 GMT+0000 (Coordinated Universal Time),Fri Apr 25 2025 16:34:00 GMT+0000 (Coordinated Universal Time),Fri Apr 25 2025 16:34:00 GMT+0000 (Coordinated Universal Time),soundcloud,recZ0h2evxkEYgYsl,Yes,,recI3uLqDDXtXEgQv,006
[Soundcloud] Offline Mode,reczFUGgEwOjhxaqA,67ffc3231d938da45ddcde24,67fec1eb88ef3de9adf44551,68014b4bcb715f8bd880942e,false,false,Thu Apr 17 2025 18:41:15 GMT+0000 (Coordinated Universal Time),Fri Apr 25 2025 16:34:02 GMT+0000 (Coordinated Universal Time),Fri Apr 25 2025 16:34:02 GMT+0000 (Coordinated Universal Time),soundcloud,recAQeCfXGS85DzfQ,Partial,Premium Subscription Required,recsIDXn5v41s3MF6,008
[Audius Music] Ad-Free Interface,rec9wZuJYBk0pBLQ2,67ffc3231d938da45ddcde24,67fec1eb88ef3de9adf44551,68014b3128ae1d2c9b91dc57,false,false,Thu Apr 17 2025 18:40:49 GMT+0000 (Coordinated Universal Time),Fri Apr 25 2025 16:34:03 GMT+0000 (Coordinated Universal Time),Fri Apr 25 2025 16:34:03 GMT+0000 (Coordinated Universal Time),audiusmusic,recSJfccCZx507pog,Yes,,reczAllCSSVn5BC57,003
[Spotify] Ad-Free Listening,recGF87OPyHlG1i9B,67ffc3231d938da45ddcde24,67fec1eb88ef3de9adf44551,68014b2fef7f680b52a6b358,false,false,Thu Apr 17 2025 18:40:47 GMT+0000 (Coordinated Universal Time),Fri Apr 25 2025 16:34:06 GMT+0000 (Coordinated Universal Time),Fri Apr 25 2025 16:34:06 GMT+0000 (Coordinated Universal Time),spotify,recH1SaEa6vxhiI1i,Partial,Premium Subscription Required,recnjuHLGDWzURjHz,004
[Audius Music] Developer SDK,reci7UwX8EoExKfbP,67ffc3231d938da45ddcde24,67fec1eb88ef3de9adf44551,68014b61588410d6dd86e6b3,false,false,Thu Apr 17 2025 18:41:37 GMT+0000 (Coordinated Universal Time),Fri Apr 25 2025 16:34:09 GMT+0000 (Coordinated Universal Time),Fri Apr 25 2025 16:34:09 GMT+0000 (Coordinated Universal Time),audiusmusic,recBbrqR317WzI3on,Yes,,recQJYpJmRasb7Yli,015
[Audius Music] Visualizer,audius-music-visualizer,67ffc3231d938da45ddcde24,67fec1eb88ef3de9adf44551,680bc20e2d3939da1a3879e6,false,false,Fri Apr 25 2025 17:10:38 GMT+0000 (Coordinated Universal Time),Mon Apr 28 2025 15:54:40 GMT+0000 (Coordinated Universal Time),Mon Apr 28 2025 15:54:40 GMT+0000 (Coordinated Universal Time),audiusmusic,recAQTVCqw9LEYR97,Yes,,recbkgxRI5qQnZB8c,013
[Soundcloud] Visualizer,soundcloud-visualizer,67ffc3231d938da45ddcde24,67fec1eb88ef3de9adf44551,680bc2158c8283352403eb79,false,false,Fri Apr 25 2025 17:10:45 GMT+0000 (Coordinated Universal Time),Mon Apr 28 2025 15:54:43 GMT+0000 (Coordinated Universal Time),Mon Apr 28 2025 15:54:43 GMT+0000 (Coordinated Universal Time),soundcloud,recAQTVCqw9LEYR97,No,,recERmD7babpWzE6o,013
[Spotify] Visualizer,spotify-visualizer,67ffc3231d938da45ddcde24,67fec1eb88ef3de9adf44551,680bc21be1366bb083174afe,false,false,Fri Apr 25 2025 17:10:51 GMT+0000 (Coordinated Universal Time),Wed May 07 2025 19:24:15 GMT+0000 (Coordinated Universal Time),Wed May 07 2025 19:24:15 GMT+0000 (Coordinated Universal Time),spotify,recAQTVCqw9LEYR97,Yes,,reckMrOnYNmXSDCGw,013
